FILE_NAME,CATEGORY,SUPER_CATEGORY
image_02366_resized.jpg,Sword Lily,
image_04022_resized.jpg,Colt's Foot,
image_07906_resized.jpg,Blanket Flower,
image_04753_resized.jpg,Pelargonium,
image_02507_resized.jpg,Morning Glory,
image_03327_resized.jpg,Bird of Paradise,
image_04646_resized.jpg,Buttercup,
image_00451_resized.jpg,Cyclamen,
image_03968_resized.jpg,Petunia,
image_01446_resized.jpg,Petunia,
image_01292_resized.jpg,Rose,
image_02008_resized.jpg,Anthurium,
image_00410_resized.jpg,Water Lily,
image_05909_resized.jpg,Bearded Iris,
image_02063_resized.jpg,Anthurium,
image_07327_resized.jpg,Foxglove,
image_04060_resized.jpg,Colt's Foot,
image_06629_resized.jpg,Canterbury Bells,
image_03375_resized.jpg,Fritillary,
image_00184_resized.jpg,Passion Flower,
image_03864_resized.jpg,Purple Coneflower,
image_06091_resized.jpg,Spear Thistle,
image_07035_resized.jpg,Siam Tulip,
image_07930_resized.jpg,Blanket Flower,
image_05706_resized.jpg,Daffodil,
image_02232_resized.jpg,Barbeton Daisy,
image_06528_resized.jpg,Common Dandelion,
image_02858_resized.jpg,Bishop of Llandaff,
image_02590_resized.jpg,Columbine,
image_05641_resized.jpg,Sweet Pea,
image_00892_resized.jpg,Frangipani,
image_04374_resized.jpg,Ruby-Lipped Cattleya,
image_04225_resized.jpg,Wild Pansy,
image_05831_resized.jpg,Great Masterwort,
image_05633_resized.jpg,Sweet Pea,
image_02360_resized.jpg,Sword Lily,
image_04758_resized.jpg,Pelargonium,
image_03857_resized.jpg,Purple Coneflower,
image_00222_resized.jpg,Passion Flower,
image_03788_resized.jpg,Cape Flower,
image_07493_resized.jpg,Bougainvillea,
image_01154_resized.jpg,Rose,
image_05125_resized.jpg,Hard-Leaved Pocket Orchid,
image_02061_resized.jpg,Anthurium,
image_05468_resized.jpg,Magnolia,
image_00273_resized.jpg,Water Lily,
image_00365_resized.jpg,Water Lily,
image_06595_resized.jpg,Grape Hyacinth,
image_00891_resized.jpg,Frangipani,
image_05917_resized.jpg,Bearded Iris,
image_02748_resized.jpg,Geranium,
image_05730_resized.jpg,Daffodil,
image_00068_resized.jpg,Passion Flower,
image_01818_resized.jpg,Hibiscus,
image_06580_resized.jpg,Grape Hyacinth,
image_05448_resized.jpg,Sunflower,
image_03942_resized.jpg,Petunia,
image_01476_resized.jpg,Petunia,
image_03984_resized.jpg,Petunia,
image_00081_resized.jpg,Passion Flower,
image_03434_resized.jpg,Fritillary,
image_03464_resized.jpg,Sweet William,
image_06986_resized.jpg,Alpine Sea Holly,
image_02145_resized.jpg,Thorn Apple,
image_00876_resized.jpg,Frangipani,
image_04043_resized.jpg,Colt's Foot,
image_06503_resized.jpg,Corn Poppy,
image_00235_resized.jpg,Passion Flower,
image_04152_resized.jpg,Artichoke,
image_01815_resized.jpg,Hibiscus,
image_04222_resized.jpg,Wild Pansy,
image_04411_resized.jpg,Canna Lily,
image_02953_resized.jpg,Pink-Yellow Dahlia,
image_01080_resized.jpg,Wallflower,
image_02750_resized.jpg,Geranium,
image_02132_resized.jpg,Thorn Apple,
image_06565_resized.jpg,Common Dandelion,
image_06940_resized.jpg,Mexican Aster,
image_01159_resized.jpg,Rose,
image_05717_resized.jpg,Daffodil,
image_03128_resized.jpg,Snapdragon,
image_04424_resized.jpg,Canna Lily,
image_01817_resized.jpg,Hibiscus,
image_05549_resized.jpg,Osteospermum,
image_06437_resized.jpg,Monkshood,
image_07574_resized.jpg,Bougainvillea,
image_06301_resized.jpg,Common Dandelion,
image_07672_resized.jpg,Camellia,
image_03626_resized.jpg,Azalea,
image_00290_resized.jpg,Water Lily,
image_02026_resized.jpg,Anthurium,
image_05115_resized.jpg,Hard-Leaved Pocket Orchid,
image_02157_resized.jpg,Thorn Apple,
image_04069_resized.jpg,Colt's Foot,
image_06436_resized.jpg,Monkshood,
image_02214_resized.jpg,Barbeton Daisy,
image_02039_resized.jpg,Anthurium,
image_06285_resized.jpg,Cautleya Spicata,
image_06154_resized.jpg,Balloon Flower,
image_01995_resized.jpg,Anthurium,
image_01748_resized.jpg,Hibiscus,
image_00302_resized.jpg,Water Lily,
image_06376_resized.jpg,Yellow Iris,
image_04988_resized.jpg,Marigold,
image_06803_resized.jpg,Fire Lily,
image_07188_resized.jpg,Tiger Lily,
image_04523_resized.jpg,Gazania,
image_02886_resized.jpg,Tree Mallow,
image_07395_resized.jpg,Foxglove,
image_02169_resized.jpg,Thorn Apple,
image_03192_resized.jpg,Californian Poppy,
image_04688_resized.jpg,Buttercup,
image_03602_resized.jpg,Azalea,
image_05528_resized.jpg,Osteospermum,
image_00556_resized.jpg,Cyclamen,
image_06415_resized.jpg,Monkshood,
image_07076_resized.jpg,Spring Crocus,
image_00970_resized.jpg,Wallflower,
image_01853_resized.jpg,Lotus,
image_05967_resized.jpg,Windflower,
image_03134_resized.jpg,Snapdragon,
image_03972_resized.jpg,Petunia,
image_06059_resized.jpg,Spear Thistle,
image_06308_resized.jpg,Common Dandelion,
image_00303_resized.jpg,Water Lily,
image_00941_resized.jpg,Frangipani,
image_01719_resized.jpg,Hibiscus,
image_03240_resized.jpg,Californian Poppy,
image_03617_resized.jpg,Azalea,
image_06350_resized.jpg,Yellow Iris,
image_03339_resized.jpg,Bird of Paradise,
image_03929_resized.jpg,Petunia,
image_01764_resized.jpg,Hibiscus,
image_04020_resized.jpg,Colt's Foot,
image_01677_resized.jpg,Clematis ,
image_07096_resized.jpg,Globe Thistle,
image_07808_resized.jpg,Mexican Petunia,
image_07118_resized.jpg,Globe Thistle,
image_04322_resized.jpg,Peruvian Lily,
image_01062_resized.jpg,Wallflower,
image_03249_resized.jpg,Californian Poppy,
image_05911_resized.jpg,Bearded Iris,
image_06568_resized.jpg,Common Dandelion,
image_07165_resized.jpg,Tiger Lily,
image_05954_resized.jpg,Bearded Iris,
image_00255_resized.jpg,Water Lily,
image_03246_resized.jpg,Californian Poppy,
image_02250_resized.jpg,Barbeton Daisy,
image_02851_resized.jpg,Bishop of Llandaff,
image_02073_resized.jpg,Thorn Apple,
image_00474_resized.jpg,Cyclamen,
image_05902_resized.jpg,Black-Eeyed Susan,
image_06107_resized.jpg,Silverbush,
image_04564_resized.jpg,Lenten Rose,
image_07549_resized.jpg,Bougainvillea,
image_08072_resized.jpg,Carnation,
image_03732_resized.jpg,Primula,
image_00069_resized.jpg,Passion Flower,
image_01520_resized.jpg,Poinsettia,
image_04040_resized.jpg,Colt's Foot,
image_03569_resized.jpg,Azalea,
image_06310_resized.jpg,Common Dandelion,
image_06076_resized.jpg,Spear Thistle,
image_01040_resized.jpg,Wallflower,
image_01938_resized.jpg,Lotus,
image_04480_resized.jpg,Canna Lily,
image_05828_resized.jpg,Great Masterwort,
image_07908_resized.jpg,Blanket Flower,
image_02434_resized.jpg,Sword Lily,
image_05418_resized.jpg,Sunflower,
image_05620_resized.jpg,Garden Phlox,
image_03672_resized.jpg,Primula,
image_01294_resized.jpg,Rose,
image_04736_resized.jpg,Pelargonium,
image_02407_resized.jpg,Sword Lily,
image_04514_resized.jpg,Gazania,
image_04029_resized.jpg,Colt's Foot,
image_05594_resized.jpg,Garden Phlox,
image_03619_resized.jpg,Azalea,
image_06741_resized.jpg,Pink Primrose,
image_06530_resized.jpg,Common Dandelion,
image_02686_resized.jpg,Geranium,
image_06175_resized.jpg,Balloon Flower,
image_06039_resized.jpg,Ball Moss,
image_02010_resized.jpg,Anthurium,
image_01395_resized.jpg,Petunia,
image_00280_resized.jpg,Water Lily,
image_06410_resized.jpg,Monkshood,
image_07316_resized.jpg,Foxglove,
image_06332_resized.jpg,Common Dandelion,
image_05047_resized.jpg,Orange Dahlia,
image_07428_resized.jpg,Foxglove,
image_08108_resized.jpg,Tiger Lily,
image_04074_resized.jpg,Colt's Foot,
image_06815_resized.jpg,Red Ginger,
image_01196_resized.jpg,Rose,
image_06963_resized.jpg,Mexican Aster,
image_03374_resized.jpg,Fritillary,
image_08046_resized.jpg,Blackberry Lily,
image_04368_resized.jpg,Ruby-Lipped Cattleya,
image_04051_resized.jpg,Colt's Foot,
image_04293_resized.jpg,Peruvian Lily,
image_01473_resized.jpg,Petunia,
image_06668_resized.jpg,Globe-Flower,
image_00490_resized.jpg,Cyclamen,
image_05977_resized.jpg,Windflower,
image_06237_resized.jpg,Oxeye Daisy,
image_06481_resized.jpg,Love in the Mist,
image_02042_resized.jpg,Anthurium,
image_02780_resized.jpg,Bishop of Llandaff,
image_00229_resized.jpg,Passion Flower,
image_05091_resized.jpg,Hard-Leaved Pocket Orchid,
image_03566_resized.jpg,Azalea,
image_06849_resized.jpg,Red Ginger,
image_06586_resized.jpg,Grape Hyacinth,
image_03668_resized.jpg,Primula,
image_07936_resized.jpg,Blanket Flower,
image_00628_resized.jpg,Watercress,
image_05277_resized.jpg,Stemless Gentian,
image_01982_resized.jpg,Anthurium,
image_04537_resized.jpg,Gazania,
image_06703_resized.jpg,Toad Lily,
image_07108_resized.jpg,Globe Thistle,
image_08134_resized.jpg,Gaura,
image_06792_resized.jpg,Fire Lily,
image_04045_resized.jpg,Colt's Foot,
image_04006_resized.jpg,Colt's Foot,
image_07622_resized.jpg,Camellia,
image_06049_resized.jpg,Spear Thistle,
image_00420_resized.jpg,Water Lily,
image_04568_resized.jpg,Lenten Rose,
image_04940_resized.jpg,Giant White Arum Lily,
image_06643_resized.jpg,Canterbury Bells,
image_04737_resized.jpg,Pelargonium,
image_01532_resized.jpg,Poinsettia,
image_02538_resized.jpg,Morning Glory,
image_03614_resized.jpg,Azalea,
image_07541_resized.jpg,Bougainvillea,
image_01045_resized.jpg,Wallflower,
image_06559_resized.jpg,Common Dandelion,
image_03308_resized.jpg,Bird of Paradise,
image_02209_resized.jpg,Barbeton Daisy,
image_01959_resized.jpg,Lotus,
image_03797_resized.jpg,Cape Flower,
image_01871_resized.jpg,Lotus,
image_02067_resized.jpg,Anthurium,
image_01380_resized.jpg,Petunia,
image_05569_resized.jpg,Osteospermum,
image_02582_resized.jpg,Columbine,
image_07067_resized.jpg,Spring Crocus,
image_05748_resized.jpg,King Protea,
image_04828_resized.jpg,Desert-Rose,
image_01110_resized.jpg,Wallflower,
image_06918_resized.jpg,Carnation,
image_00341_resized.jpg,Water Lily,
image_03469_resized.jpg,Sweet William,
image_00537_resized.jpg,Cyclamen,
image_07257_resized.jpg,Gaura,
image_07215_resized.jpg,Moon Orchid,
image_02626_resized.jpg,Columbine,
image_04332_resized.jpg,Ruby-Lipped Cattleya,
image_04591_resized.jpg,Lenten Rose,
image_01511_resized.jpg,Poinsettia,
image_04491_resized.jpg,Gazania,
image_00571_resized.jpg,Cyclamen,
image_06357_resized.jpg,Yellow Iris,
image_06372_resized.jpg,Yellow Iris,
image_01444_resized.jpg,Petunia,
image_03354_resized.jpg,Bird of Paradise,
image_06966_resized.jpg,Mexican Aster,
image_02492_resized.jpg,Morning Glory,
image_05806_resized.jpg,Great Masterwort,
image_05597_resized.jpg,Garden Phlox,
image_03243_resized.jpg,Californian Poppy,
image_02085_resized.jpg,Thorn Apple,
image_05942_resized.jpg,Bearded Iris,
image_02786_resized.jpg,Bishop of Llandaff,
image_02516_resized.jpg,Morning Glory,
image_04842_resized.jpg,Hippeastrum,
image_08016_resized.jpg,Blackberry Lily,
image_00859_resized.jpg,Frangipani,
image_05198_resized.jpg,English Marigold,
image_02348_resized.jpg,Sword Lily,
image_00525_resized.jpg,Cyclamen,
image_03616_resized.jpg,Azalea,
image_02367_resized.jpg,Sword Lily,
image_00805_resized.jpg,Frangipani,
image_05217_resized.jpg,Stemless Gentian,
image_05984_resized.jpg,Windflower,
image_00141_resized.jpg,Passion Flower,
image_01272_resized.jpg,Rose,
image_02000_resized.jpg,Anthurium,
image_06397_resized.jpg,Monkshood,
image_04331_resized.jpg,Ruby-Lipped Cattleya,
image_06034_resized.jpg,Ball Moss,
image_04412_resized.jpg,Canna Lily,
image_06982_resized.jpg,Alpine Sea Holly,
image_05814_resized.jpg,Great Masterwort,
image_01978_resized.jpg,Anthurium,
image_04990_resized.jpg,Marigold,
image_04576_resized.jpg,Lenten Rose,
image_05576_resized.jpg,Osteospermum,
image_04545_resized.jpg,Gazania,
image_06402_resized.jpg,Monkshood,
image_03405_resized.jpg,Fritillary,
image_01826_resized.jpg,Hibiscus,
image_06925_resized.jpg,Carnation,
image_04932_resized.jpg,Giant White Arum Lily,
image_01607_resized.jpg,Clematis ,
image_05756_resized.jpg,King Protea,
image_07766_resized.jpg,Mexican Petunia,
image_01223_resized.jpg,Rose,
image_06597_resized.jpg,Grape Hyacinth,
image_06467_resized.jpg,Love in the Mist,
image_03851_resized.jpg,Purple Coneflower,
image_07879_resized.jpg,Bromelia,
image_03322_resized.jpg,Bird of Paradise,
image_05143_resized.jpg,Hard-Leaved Pocket Orchid,
image_07744_resized.jpg,Mallow,
image_00172_resized.jpg,Passion Flower,
image_01937_resized.jpg,Lotus,
image_07179_resized.jpg,Tiger Lily,
image_00067_resized.jpg,Passion Flower,
image_06762_resized.jpg,Pink Primrose,
image_05885_resized.jpg,Black-Eeyed Susan,
image_01717_resized.jpg,Hibiscus,
image_03292_resized.jpg,Bird of Paradise,
image_05428_resized.jpg,Sunflower,
image_04421_resized.jpg,Canna Lily,
image_08102_resized.jpg,Moon Orchid,
image_04645_resized.jpg,Buttercup,
image_04356_resized.jpg,Ruby-Lipped Cattleya,
image_04483_resized.jpg,Gazania,
image_05154_resized.jpg,English Marigold,
image_02175_resized.jpg,Thorn Apple,
image_07263_resized.jpg,Gaura,
image_04556_resized.jpg,Gazania,
image_05382_resized.jpg,Pincushion Flower,
image_07046_resized.jpg,Spring Crocus,
image_07181_resized.jpg,Tiger Lily,
image_02291_resized.jpg,Barbeton Daisy,
image_02499_resized.jpg,Morning Glory,
image_02307_resized.jpg,Barbeton Daisy,
image_05456_resized.jpg,Sunflower,
image_06774_resized.jpg,Fire Lily,
image_04261_resized.jpg,Peruvian Lily,
image_06446_resized.jpg,Love in the Mist,
image_00629_resized.jpg,Watercress,
image_01033_resized.jpg,Wallflower,
image_01092_resized.jpg,Wallflower,
image_07103_resized.jpg,Globe Thistle,
image_04527_resized.jpg,Gazania,
image_02237_resized.jpg,Barbeton Daisy,
image_05499_resized.jpg,Magnolia,
image_02251_resized.jpg,Barbeton Daisy,
image_02306_resized.jpg,Barbeton Daisy,
image_06032_resized.jpg,Ball Moss,
image_04816_resized.jpg,Desert-Rose,
image_00299_resized.jpg,Water Lily,
image_05193_resized.jpg,English Marigold,
image_07281_resized.jpg,Japanese Anemone,
image_07724_resized.jpg,Mallow,
image_02017_resized.jpg,Anthurium,
image_03693_resized.jpg,Primula,
image_07954_resized.jpg,Trumpet Creeper,
image_02302_resized.jpg,Barbeton Daisy,
image_07160_resized.jpg,Bolero Deep Blue,
image_00551_resized.jpg,Cyclamen,
image_01165_resized.jpg,Rose,
image_08104_resized.jpg,Moon Orchid,
image_06471_resized.jpg,Love in the Mist,
image_02193_resized.jpg,Barbeton Daisy,
image_00786_resized.jpg,Frangipani,
image_02427_resized.jpg,Sword Lily,
image_01474_resized.jpg,Petunia,
image_05013_resized.jpg,Marigold,
image_07408_resized.jpg,Foxglove,
image_07274_resized.jpg,Japanese Anemone,
image_03233_resized.jpg,Californian Poppy,
image_02612_resized.jpg,Columbine,
image_02752_resized.jpg,Geranium,
image_04302_resized.jpg,Peruvian Lily,
image_02546_resized.jpg,Morning Glory,
image_01710_resized.jpg,Hibiscus,
image_05444_resized.jpg,Sunflower,
image_04797_resized.jpg,Desert-Rose,
image_03612_resized.jpg,Azalea,
image_05408_resized.jpg,Sunflower,
image_06510_resized.jpg,Corn Poppy,
image_06941_resized.jpg,Mexican Aster,
image_02454_resized.jpg,Morning Glory,
image_06445_resized.jpg,Love in the Mist,
image_01256_resized.jpg,Rose,
image_05582_resized.jpg,Osteospermum,
image_01201_resized.jpg,Rose,
image_05144_resized.jpg,Hard-Leaved Pocket Orchid,
image_00783_resized.jpg,Frangipani,
image_04595_resized.jpg,Lenten Rose,
image_01291_resized.jpg,Rose,
image_04081_resized.jpg,Artichoke,
image_05961_resized.jpg,Windflower,
image_03846_resized.jpg,Purple Coneflower,
image_07380_resized.jpg,Foxglove,
image_04941_resized.jpg,Giant White Arum Lily,
image_03910_resized.jpg,Purple Coneflower,
image_04930_resized.jpg,Giant White Arum Lily,
image_00778_resized.jpg,Watercress,
image_05474_resized.jpg,Magnolia,
image_03365_resized.jpg,Bird of Paradise,
image_00426_resized.jpg,Water Lily,
image_02266_resized.jpg,Barbeton Daisy,
image_01791_resized.jpg,Hibiscus,
image_04876_resized.jpg,Hippeastrum,
image_05274_resized.jpg,Stemless Gentian,
image_03078_resized.jpg,Bee Balm,
image_06012_resized.jpg,Ball Moss,
image_00576_resized.jpg,Cyclamen,
image_07445_resized.jpg,Foxglove,
image_03768_resized.jpg,Cape Flower,
image_04120_resized.jpg,Artichoke,
image_05841_resized.jpg,Great Masterwort,
image_07312_resized.jpg,Foxglove,
image_05443_resized.jpg,Sunflower,
image_04053_resized.jpg,Colt's Foot,
image_05772_resized.jpg,King Protea,
image_00802_resized.jpg,Frangipani,
image_03712_resized.jpg,Primula,
image_04107_resized.jpg,Artichoke,
image_01957_resized.jpg,Lotus,
image_05579_resized.jpg,Osteospermum,
image_03914_resized.jpg,Petunia,
image_05696_resized.jpg,Daffodil,
image_07809_resized.jpg,Mexican Petunia,
image_02666_resized.jpg,Geranium,
image_05544_resized.jpg,Osteospermum,
image_02485_resized.jpg,Morning Glory,
image_03654_resized.jpg,Primula,
image_02855_resized.jpg,Bishop of Llandaff,
image_03541_resized.jpg,Sweet William,
image_07282_resized.jpg,Japanese Anemone,
image_02738_resized.jpg,Geranium,
image_00478_resized.jpg,Cyclamen,
image_03148_resized.jpg,Snapdragon,
image_00656_resized.jpg,Watercress,
image_07740_resized.jpg,Mallow,
image_04295_resized.jpg,Peruvian Lily,
image_07346_resized.jpg,Foxglove,
image_04618_resized.jpg,Lenten Rose,
image_07917_resized.jpg,Blanket Flower,
image_06020_resized.jpg,Ball Moss,
image_01051_resized.jpg,Wallflower,
image_01613_resized.jpg,Clematis ,
image_00660_resized.jpg,Watercress,
image_01333_resized.jpg,Petunia,
image_07227_resized.jpg,Moon Orchid,
image_07532_resized.jpg,Bougainvillea,
image_01547_resized.jpg,Poinsettia,
image_04896_resized.jpg,Hippeastrum,
image_06431_resized.jpg,Monkshood,
image_05563_resized.jpg,Osteospermum,
image_08101_resized.jpg,Moon Orchid,
image_00295_resized.jpg,Water Lily,
image_08025_resized.jpg,Blackberry Lily,
image_03248_resized.jpg,Californian Poppy,
image_07892_resized.jpg,Bromelia,
image_05856_resized.jpg,Black-Eeyed Susan,
image_02339_resized.jpg,Sword Lily,
image_02787_resized.jpg,Bishop of Llandaff,
image_01778_resized.jpg,Hibiscus,
image_03969_resized.jpg,Petunia,
image_04683_resized.jpg,Buttercup,
image_06680_resized.jpg,Globe-Flower,
image_04716_resized.jpg,Pelargonium,
image_04734_resized.jpg,Pelargonium,
image_03905_resized.jpg,Purple Coneflower,
image_01014_resized.jpg,Wallflower,
image_01767_resized.jpg,Hibiscus,
image_05915_resized.jpg,Bearded Iris,
image_02253_resized.jpg,Barbeton Daisy,
image_00622_resized.jpg,Watercress,
image_01491_resized.jpg,Poinsettia,
image_05326_resized.jpg,Tree Poppy,
image_04078_resized.jpg,Colt's Foot,
image_05652_resized.jpg,Sweet Pea,
image_02960_resized.jpg,Pink-Yellow Dahlia,
image_07051_resized.jpg,Spring Crocus,
image_04740_resized.jpg,Pelargonium,
image_03212_resized.jpg,Californian Poppy,
image_05109_resized.jpg,Hard-Leaved Pocket Orchid,
image_01132_resized.jpg,Wallflower,
image_06094_resized.jpg,Spear Thistle,
image_03316_resized.jpg,Bird of Paradise,
image_04199_resized.jpg,Wild Pansy,
image_00534_resized.jpg,Cyclamen,
image_05396_resized.jpg,Pincushion Flower,
image_06451_resized.jpg,Love in the Mist,
image_04391_resized.jpg,Ruby-Lipped Cattleya,
image_03441_resized.jpg,Fritillary,
image_07613_resized.jpg,Camellia,
image_05818_resized.jpg,Great Masterwort,
image_08078_resized.jpg,Spring Crocus,
image_04789_resized.jpg,Desert-Rose,
image_02548_resized.jpg,Morning Glory,
image_00225_resized.jpg,Passion Flower,
image_01776_resized.jpg,Hibiscus,
image_03389_resized.jpg,Fritillary,
image_03520_resized.jpg,Sweet William,
image_01942_resized.jpg,Lotus,
image_06223_resized.jpg,Oxeye Daisy,
image_00860_resized.jpg,Frangipani,
image_00766_resized.jpg,Watercress,
image_07616_resized.jpg,Camellia,
image_01600_resized.jpg,Clematis ,
image_02611_resized.jpg,Columbine,
image_05626_resized.jpg,Garden Phlox,
image_07416_resized.jpg,Foxglove,
image_06483_resized.jpg,Love in the Mist,
image_05962_resized.jpg,Windflower,
image_03304_resized.jpg,Bird of Paradise,
image_03733_resized.jpg,Primula,
image_04345_resized.jpg,Ruby-Lipped Cattleya,
image_01777_resized.jpg,Hibiscus,
image_02331_resized.jpg,Sword Lily,
image_08109_resized.jpg,Tiger Lily,
image_05345_resized.jpg,Pincushion Flower,
image_05324_resized.jpg,Tree Poppy,
image_06095_resized.jpg,Spear Thistle,
image_05502_resized.jpg,Magnolia,
image_07386_resized.jpg,Foxglove,
image_07338_resized.jpg,Foxglove,
image_06490_resized.jpg,Corn Poppy,
image_02761_resized.jpg,Bishop of Llandaff,
image_04386_resized.jpg,Ruby-Lipped Cattleya,
image_03219_resized.jpg,Californian Poppy,
image_03867_resized.jpg,Purple Coneflower,
image_00142_resized.jpg,Passion Flower,
image_05651_resized.jpg,Sweet Pea,
image_03318_resized.jpg,Bird of Paradise,
image_02221_resized.jpg,Barbeton Daisy,
image_04077_resized.jpg,Colt's Foot,
image_02216_resized.jpg,Barbeton Daisy,
image_06458_resized.jpg,Love in the Mist,
image_04892_resized.jpg,Hippeastrum,
image_02065_resized.jpg,Anthurium,
image_05690_resized.jpg,Daffodil,
image_04206_resized.jpg,Wild Pansy,
image_03633_resized.jpg,Azalea,
image_02767_resized.jpg,Bishop of Llandaff,
image_06646_resized.jpg,Canterbury Bells,
image_02262_resized.jpg,Barbeton Daisy,
image_02764_resized.jpg,Bishop of Llandaff,
image_01089_resized.jpg,Wallflower,
image_07250_resized.jpg,Gaura,
image_05689_resized.jpg,Daffodil,
image_05918_resized.jpg,Bearded Iris,
image_00529_resized.jpg,Cyclamen,
image_03935_resized.jpg,Petunia,
image_03734_resized.jpg,Cape Flower,
image_05412_resized.jpg,Sunflower,
image_06670_resized.jpg,Globe-Flower,
image_00103_resized.jpg,Passion Flower,
image_04173_resized.jpg,Wild Pansy,
image_03403_resized.jpg,Fritillary,
image_06638_resized.jpg,Canterbury Bells,
image_04723_resized.jpg,Pelargonium,
image_00489_resized.jpg,Cyclamen,
image_05451_resized.jpg,Sunflower,
image_06639_resized.jpg,Canterbury Bells,
image_05054_resized.jpg,Orange Dahlia,
image_03432_resized.jpg,Fritillary,
image_05815_resized.jpg,Great Masterwort,
image_03038_resized.jpg,Bee Balm,
image_04192_resized.jpg,Wild Pansy,
image_01969_resized.jpg,Anthurium,
image_00729_resized.jpg,Watercress,
image_00107_resized.jpg,Passion Flower,
image_07366_resized.jpg,Foxglove,
image_07944_resized.jpg,Trumpet Creeper,
image_05445_resized.jpg,Sunflower,
image_02142_resized.jpg,Thorn Apple,
image_04898_resized.jpg,Giant White Arum Lily,
image_05294_resized.jpg,Tree Poppy,
image_00393_resized.jpg,Water Lily,
image_02191_resized.jpg,Barbeton Daisy,
image_01344_resized.jpg,Petunia,
image_00163_resized.jpg,Passion Flower,
image_00634_resized.jpg,Watercress,
image_06409_resized.jpg,Monkshood,
image_03830_resized.jpg,Purple Coneflower,
image_00291_resized.jpg,Water Lily,
image_02923_resized.jpg,Pink-Yellow Dahlia,
image_07651_resized.jpg,Camellia,
image_04102_resized.jpg,Artichoke,
image_05457_resized.jpg,Sunflower,
image_00840_resized.jpg,Frangipani,
image_05480_resized.jpg,Magnolia,
image_00409_resized.jpg,Water Lily,
image_00431_resized.jpg,Water Lily,
image_00663_resized.jpg,Watercress,
image_05221_resized.jpg,Stemless Gentian,
image_01015_resized.jpg,Wallflower,
image_08098_resized.jpg,Bolero Deep Blue,
image_08164_resized.jpg,Japanese Anemone,
image_04502_resized.jpg,Gazania,
image_01325_resized.jpg,Petunia,
image_04460_resized.jpg,Canna Lily,
image_03622_resized.jpg,Azalea,
image_00606_resized.jpg,Watercress,
image_07640_resized.jpg,Camellia,
image_02288_resized.jpg,Barbeton Daisy,
image_07495_resized.jpg,Bougainvillea,
image_04772_resized.jpg,Desert-Rose,
image_07201_resized.jpg,Moon Orchid,
image_02269_resized.jpg,Barbeton Daisy,
image_03344_resized.jpg,Bird of Paradise,
image_00958_resized.jpg,Wallflower,
image_04624_resized.jpg,Lenten Rose,
image_07010_resized.jpg,Siam Tulip,
image_03810_resized.jpg,Cape Flower,
image_02721_resized.jpg,Geranium,
image_07505_resized.jpg,Bougainvillea,
image_02712_resized.jpg,Geranium,
image_00220_resized.jpg,Passion Flower,
image_00241_resized.jpg,Passion Flower,
image_00037_resized.jpg,Passion Flower,
image_02459_resized.jpg,Morning Glory,
image_04713_resized.jpg,Pelargonium,
image_03819_resized.jpg,Cape Flower,
image_07538_resized.jpg,Bougainvillea,
image_01672_resized.jpg,Clematis ,
image_03897_resized.jpg,Purple Coneflower,
image_06834_resized.jpg,Red Ginger,
image_03080_resized.jpg,Bee Balm,
image_05171_resized.jpg,English Marigold,
image_06206_resized.jpg,Oxeye Daisy,
image_07733_resized.jpg,Mallow,
image_03181_resized.jpg,Snapdragon,
image_01112_resized.jpg,Wallflower,
image_05461_resized.jpg,Magnolia,
image_03961_resized.jpg,Petunia,
image_06716_resized.jpg,Toad Lily,
image_02747_resized.jpg,Geranium,
image_03179_resized.jpg,Snapdragon,
image_00002_resized.jpg,Passion Flower,
image_06910_resized.jpg,Carnation,
image_01999_resized.jpg,Anthurium,
image_04248_resized.jpg,Peruvian Lily,
image_05252_resized.jpg,Stemless Gentian,
image_02510_resized.jpg,Morning Glory,
image_02931_resized.jpg,Pink-Yellow Dahlia,
image_06316_resized.jpg,Common Dandelion,
image_03557_resized.jpg,Azalea,
image_02325_resized.jpg,Sword Lily,
image_06861_resized.jpg,Prince of Wales Feathers,
image_01167_resized.jpg,Rose,
image_03455_resized.jpg,Fritillary,
image_04771_resized.jpg,Desert-Rose,
image_06556_resized.jpg,Common Dandelion,
image_04640_resized.jpg,Buttercup,
image_05735_resized.jpg,Daffodil,
image_03809_resized.jpg,Cape Flower,
image_07610_resized.jpg,Camellia,
image_04567_resized.jpg,Lenten Rose,
image_02875_resized.jpg,Tree Mallow,
image_03460_resized.jpg,Sweet William,
image_06289_resized.jpg,Cautleya Spicata,
image_00550_resized.jpg,Cyclamen,
image_04966_resized.jpg,Marigold,
image_03136_resized.jpg,Snapdragon,
image_00544_resized.jpg,Cyclamen,
image_01035_resized.jpg,Wallflower,
image_06837_resized.jpg,Red Ginger,
image_02682_resized.jpg,Geranium,
image_06005_resized.jpg,Windflower,
image_04082_resized.jpg,Artichoke,
image_01069_resized.jpg,Wallflower,
image_06252_resized.jpg,Cautleya Spicata,
image_06153_resized.jpg,Balloon Flower,
image_06745_resized.jpg,Pink Primrose,
image_03513_resized.jpg,Sweet William,
image_00387_resized.jpg,Water Lily,
image_01712_resized.jpg,Hibiscus,
image_06620_resized.jpg,Canterbury Bells,
image_00314_resized.jpg,Water Lily,
image_06191_resized.jpg,Balloon Flower,
image_04092_resized.jpg,Artichoke,
image_01267_resized.jpg,Rose,
image_05211_resized.jpg,English Marigold,
image_03352_resized.jpg,Bird of Paradise,
image_05943_resized.jpg,Bearded Iris,
image_04096_resized.jpg,Artichoke,
image_04586_resized.jpg,Lenten Rose,
image_05229_resized.jpg,Stemless Gentian,
image_07297_resized.jpg,Cape Flower,
image_02424_resized.jpg,Sword Lily,
image_05964_resized.jpg,Windflower,
image_03966_resized.jpg,Petunia,
image_00203_resized.jpg,Passion Flower,
image_01738_resized.jpg,Hibiscus,
image_06967_resized.jpg,Mexican Aster,
image_04927_resized.jpg,Giant White Arum Lily,
image_06553_resized.jpg,Common Dandelion,
image_04058_resized.jpg,Colt's Foot,
image_08048_resized.jpg,Red Ginger,
image_07691_resized.jpg,Mallow,
image_07749_resized.jpg,Mallow,
image_07397_resized.jpg,Foxglove,
image_07590_resized.jpg,Bougainvillea,
image_04187_resized.jpg,Wild Pansy,
image_03025_resized.jpg,Pink-Yellow Dahlia,
image_03628_resized.jpg,Azalea,
image_07501_resized.jpg,Bougainvillea,
image_07002_resized.jpg,Alpine Sea Holly,
image_05204_resized.jpg,English Marigold,
image_00099_resized.jpg,Passion Flower,
image_05673_resized.jpg,Sweet Pea,
image_01204_resized.jpg,Rose,
image_07601_resized.jpg,Camellia,
image_06898_resized.jpg,Carnation,
image_03675_resized.jpg,Primula,
image_03826_resized.jpg,Cape Flower,
image_00810_resized.jpg,Frangipani,
image_04409_resized.jpg,Canna Lily,
image_00145_resized.jpg,Passion Flower,
image_00910_resized.jpg,Frangipani,
image_00792_resized.jpg,Frangipani,
image_05219_resized.jpg,Stemless Gentian,
image_03169_resized.jpg,Snapdragon,
image_01972_resized.jpg,Anthurium,
image_00549_resized.jpg,Cyclamen,
image_05887_resized.jpg,Black-Eeyed Susan,
image_01229_resized.jpg,Rose,
image_04129_resized.jpg,Artichoke,
image_00834_resized.jpg,Frangipani,
image_07407_resized.jpg,Foxglove,
image_03555_resized.jpg,Azalea,
image_07618_resized.jpg,Camellia,
image_04690_resized.jpg,Buttercup,
image_07824_resized.jpg,Mexican Petunia,
image_07175_resized.jpg,Tiger Lily,
image_02654_resized.jpg,Geranium,
image_08113_resized.jpg,Ball Moss,
image_07816_resized.jpg,Mexican Petunia,
image_00865_resized.jpg,Frangipani,
image_00743_resized.jpg,Watercress,
image_00831_resized.jpg,Frangipani,
image_06028_resized.jpg,Ball Moss,
image_05406_resized.jpg,Sunflower,
image_01455_resized.jpg,Petunia,
image_00772_resized.jpg,Watercress,
image_08021_resized.jpg,Blackberry Lily,
image_05587_resized.jpg,Garden Phlox,
image_06562_resized.jpg,Common Dandelion,
image_07742_resized.jpg,Mallow,
image_00811_resized.jpg,Frangipani,
image_02425_resized.jpg,Sword Lily,
image_05577_resized.jpg,Osteospermum,
image_05079_resized.jpg,Orange Dahlia,
image_04793_resized.jpg,Desert-Rose,
image_02294_resized.jpg,Barbeton Daisy,
image_06260_resized.jpg,Cautleya Spicata,
image_05145_resized.jpg,Hard-Leaved Pocket Orchid,
image_06660_resized.jpg,Globe-Flower,
image_02312_resized.jpg,Barbeton Daisy,
image_07150_resized.jpg,Bolero Deep Blue,
image_01037_resized.jpg,Wallflower,
image_05820_resized.jpg,Great Masterwort,
image_07910_resized.jpg,Blanket Flower,
image_05303_resized.jpg,Tree Poppy,
image_00139_resized.jpg,Passion Flower,
image_03865_resized.jpg,Purple Coneflower,
image_04054_resized.jpg,Colt's Foot,
image_01964_resized.jpg,Anthurium,
image_02822_resized.jpg,Bishop of Llandaff,
image_04458_resized.jpg,Canna Lily,
image_01068_resized.jpg,Wallflower,
image_01693_resized.jpg,Clematis ,
image_02004_resized.jpg,Anthurium,
image_08012_resized.jpg,Blackberry Lily,
image_07033_resized.jpg,Siam Tulip,
image_05929_resized.jpg,Bearded Iris,
image_04005_resized.jpg,Colt's Foot,
image_02044_resized.jpg,Anthurium,
image_06305_resized.jpg,Common Dandelion,
image_02950_resized.jpg,Pink-Yellow Dahlia,
image_04776_resized.jpg,Desert-Rose,
image_00428_resized.jpg,Water Lily,
image_05207_resized.jpg,English Marigold,
image_02493_resized.jpg,Morning Glory,
image_03414_resized.jpg,Fritillary,
image_01502_resized.jpg,Poinsettia,
image_03423_resized.jpg,Fritillary,
image_07122_resized.jpg,Globe Thistle,
image_06924_resized.jpg,Carnation,
image_00938_resized.jpg,Frangipani,
image_02091_resized.jpg,Thorn Apple,
image_02629_resized.jpg,Columbine,
image_04291_resized.jpg,Peruvian Lily,
image_06172_resized.jpg,Balloon Flower,
image_06050_resized.jpg,Spear Thistle,
image_04627_resized.jpg,Buttercup,
image_06708_resized.jpg,Toad Lily,
image_01055_resized.jpg,Wallflower,
image_03278_resized.jpg,Californian Poppy,
image_00504_resized.jpg,Cyclamen,
image_06793_resized.jpg,Fire Lily,
image_02139_resized.jpg,Thorn Apple,
image_05209_resized.jpg,English Marigold,
image_02564_resized.jpg,Columbine,
image_00493_resized.jpg,Cyclamen,
image_06948_resized.jpg,Mexican Aster,
image_02558_resized.jpg,Columbine,
image_06274_resized.jpg,Cautleya Spicata,
image_04672_resized.jpg,Buttercup,
image_06086_resized.jpg,Spear Thistle,
image_02316_resized.jpg,Sword Lily,
image_07249_resized.jpg,Gaura,
image_05064_resized.jpg,Orange Dahlia,
image_02789_resized.jpg,Bishop of Llandaff,
image_00376_resized.jpg,Water Lily,
image_01950_resized.jpg,Lotus,
image_02079_resized.jpg,Thorn Apple,
image_00530_resized.jpg,Cyclamen,
image_03728_resized.jpg,Primula,
image_05531_resized.jpg,Osteospermum,
image_00596_resized.jpg,Cyclamen,
image_02878_resized.jpg,Tree Mallow,
image_03336_resized.jpg,Bird of Paradise,
image_07970_resized.jpg,Trumpet Creeper,
image_06061_resized.jpg,Spear Thistle,
image_07580_resized.jpg,Bougainvillea,
image_05147_resized.jpg,English Marigold,
image_06554_resized.jpg,Common Dandelion,
image_07474_resized.jpg,Bougainvillea,
image_01063_resized.jpg,Wallflower,
image_05709_resized.jpg,Daffodil,
image_07682_resized.jpg,Camellia,
image_00044_resized.jpg,Passion Flower,
image_03698_resized.jpg,Primula,
image_03285_resized.jpg,Bird of Paradise,
image_01498_resized.jpg,Poinsettia,
image_00482_resized.jpg,Cyclamen,
image_00665_resized.jpg,Watercress,
image_01990_resized.jpg,Anthurium,
image_07929_resized.jpg,Blanket Flower,
image_06085_resized.jpg,Spear Thistle,
image_02890_resized.jpg,Tree Mallow,
image_07863_resized.jpg,Bromelia,
image_07851_resized.jpg,Bromelia,
image_02613_resized.jpg,Columbine,
image_04552_resized.jpg,Gazania,
image_00967_resized.jpg,Wallflower,
image_07377_resized.jpg,Foxglove,
image_07383_resized.jpg,Foxglove,
image_06021_resized.jpg,Ball Moss,
image_03000_resized.jpg,Pink-Yellow Dahlia,
image_01373_resized.jpg,Petunia,
image_05371_resized.jpg,Pincushion Flower,
image_00858_resized.jpg,Frangipani,
image_02194_resized.jpg,Barbeton Daisy,
image_05993_resized.jpg,Windflower,
image_07674_resized.jpg,Camellia,
image_03697_resized.jpg,Primula,
image_05235_resized.jpg,Stemless Gentian,
image_03786_resized.jpg,Cape Flower,
image_05510_resized.jpg,Magnolia,
image_04489_resized.jpg,Gazania,
image_04775_resized.jpg,Desert-Rose,
image_03610_resized.jpg,Azalea,
image_05617_resized.jpg,Garden Phlox,
image_05669_resized.jpg,Sweet Pea,
image_02244_resized.jpg,Barbeton Daisy,
image_01622_resized.jpg,Clematis ,
image_01265_resized.jpg,Rose,
image_03943_resized.jpg,Petunia,
image_01998_resized.jpg,Anthurium,
image_06387_resized.jpg,Yellow Iris,
image_05790_resized.jpg,King Protea,
image_04042_resized.jpg,Colt's Foot,
image_01152_resized.jpg,Rose,
image_06819_resized.jpg,Red Ginger,
image_04615_resized.jpg,Lenten Rose,
image_03939_resized.jpg,Petunia,
image_01735_resized.jpg,Hibiscus,
image_06903_resized.jpg,Carnation,
image_01111_resized.jpg,Wallflower,
image_05057_resized.jpg,Orange Dahlia,
image_03113_resized.jpg,Snapdragon,
image_00921_resized.jpg,Frangipani,
image_01579_resized.jpg,Poinsettia,
image_03437_resized.jpg,Fritillary,
image_03024_resized.jpg,Pink-Yellow Dahlia,
image_01744_resized.jpg,Hibiscus,
image_02041_resized.jpg,Anthurium,
image_01867_resized.jpg,Lotus,
image_02284_resized.jpg,Barbeton Daisy,
image_03586_resized.jpg,Azalea,
image_00591_resized.jpg,Cyclamen,
image_01739_resized.jpg,Hibiscus,
image_02446_resized.jpg,Morning Glory,
image_01810_resized.jpg,Hibiscus,
image_06326_resized.jpg,Common Dandelion,
image_05296_resized.jpg,Tree Poppy,
image_00737_resized.jpg,Watercress,
image_06981_resized.jpg,Alpine Sea Holly,
image_06287_resized.jpg,Cautleya Spicata,
image_07502_resized.jpg,Bougainvillea,
image_00866_resized.jpg,Frangipani,
image_05413_resized.jpg,Sunflower,
image_03234_resized.jpg,Californian Poppy,
image_07372_resized.jpg,Foxglove,
image_03781_resized.jpg,Cape Flower,
image_07902_resized.jpg,Blanket Flower,
image_07138_resized.jpg,Bolero Deep Blue,
image_02124_resized.jpg,Thorn Apple,
image_07707_resized.jpg,Mallow,
image_06240_resized.jpg,Oxeye Daisy,
image_04177_resized.jpg,Wild Pansy,
image_01175_resized.jpg,Rose,
image_00056_resized.jpg,Passion Flower,
image_07478_resized.jpg,Bougainvillea,
image_00404_resized.jpg,Water Lily,
image_02020_resized.jpg,Anthurium,
image_06886_resized.jpg,Prince of Wales Feathers,
image_02261_resized.jpg,Barbeton Daisy,
image_06946_resized.jpg,Mexican Aster,
image_06661_resized.jpg,Globe-Flower,
image_06752_resized.jpg,Pink Primrose,
image_05352_resized.jpg,Pincushion Flower,
image_01289_resized.jpg,Rose,
image_00699_resized.jpg,Watercress,
image_00690_resized.jpg,Watercress,
image_07785_resized.jpg,Mexican Petunia,
image_02239_resized.jpg,Barbeton Daisy,
image_00186_resized.jpg,Passion Flower,
image_01565_resized.jpg,Poinsettia,
image_05548_resized.jpg,Osteospermum,
image_05151_resized.jpg,English Marigold,
image_02022_resized.jpg,Anthurium,
image_01823_resized.jpg,Hibiscus,
image_00266_resized.jpg,Water Lily,
image_07147_resized.jpg,Bolero Deep Blue,
image_08055_resized.jpg,Hippeastrum,
image_00441_resized.jpg,Water Lily,
image_02184_resized.jpg,Thorn Apple,
image_00647_resized.jpg,Watercress,
image_05765_resized.jpg,King Protea,
image_03681_resized.jpg,Primula,
image_00961_resized.jpg,Wallflower,
image_00213_resized.jpg,Passion Flower,
image_06204_resized.jpg,Oxeye Daisy,
image_05773_resized.jpg,King Protea,
image_06276_resized.jpg,Cautleya Spicata,
image_02489_resized.jpg,Morning Glory,
image_00800_resized.jpg,Frangipani,
image_07061_resized.jpg,Spring Crocus,
image_07660_resized.jpg,Camellia,
image_05606_resized.jpg,Garden Phlox,
image_05995_resized.jpg,Windflower,
image_04955_resized.jpg,Marigold,
image_04130_resized.jpg,Artichoke,
image_06177_resized.jpg,Balloon Flower,
image_03531_resized.jpg,Sweet William,
image_07276_resized.jpg,Japanese Anemone,
image_02794_resized.jpg,Bishop of Llandaff,
image_04432_resized.jpg,Canna Lily,
image_02888_resized.jpg,Tree Mallow,
image_00709_resized.jpg,Watercress,
image_06828_resized.jpg,Red Ginger,
image_06786_resized.jpg,Fire Lily,
image_07896_resized.jpg,Blanket Flower,
image_05944_resized.jpg,Bearded Iris,
image_04540_resized.jpg,Gazania,
image_05484_resized.jpg,Magnolia,
image_01428_resized.jpg,Petunia,
image_05949_resized.jpg,Bearded Iris,
image_07078_resized.jpg,Spring Crocus,
image_02321_resized.jpg,Sword Lily,
image_01388_resized.jpg,Petunia,
image_05783_resized.jpg,King Protea,
image_04348_resized.jpg,Ruby-Lipped Cattleya,
image_08056_resized.jpg,Hippeastrum,
image_07664_resized.jpg,Camellia,
image_06386_resized.jpg,Yellow Iris,
image_01391_resized.jpg,Petunia,
image_06514_resized.jpg,Corn Poppy,
image_06867_resized.jpg,Prince of Wales Feathers,
image_06216_resized.jpg,Oxeye Daisy,
image_00461_resized.jpg,Cyclamen,
image_05906_resized.jpg,Bearded Iris,
image_03636_resized.jpg,Azalea,
image_05851_resized.jpg,Black-Eeyed Susan,
image_02617_resized.jpg,Columbine,
image_05476_resized.jpg,Magnolia,
image_06773_resized.jpg,Pink Primrose,
image_03151_resized.jpg,Snapdragon,
image_06727_resized.jpg,Toad Lily,
image_03237_resized.jpg,Californian Poppy,
image_05238_resized.jpg,Stemless Gentian,
image_03487_resized.jpg,Sweet William,
image_03190_resized.jpg,Californian Poppy,
image_00188_resized.jpg,Passion Flower,
image_02601_resized.jpg,Columbine,
image_07854_resized.jpg,Bromelia,
image_03742_resized.jpg,Cape Flower,
image_00669_resized.jpg,Watercress,
image_00207_resized.jpg,Passion Flower,
image_04625_resized.jpg,Buttercup,
image_01763_resized.jpg,Hibiscus,
image_04985_resized.jpg,Marigold,
image_04104_resized.jpg,Artichoke,
image_05446_resized.jpg,Sunflower,
image_03251_resized.jpg,Californian Poppy,
image_01879_resized.jpg,Lotus,
image_03670_resized.jpg,Primula,
image_06969_resized.jpg,Alpine Sea Holly,
image_03841_resized.jpg,Purple Coneflower,
image_01483_resized.jpg,Petunia,
image_02383_resized.jpg,Sword Lily,
image_00515_resized.jpg,Cyclamen,
image_07735_resized.jpg,Mallow,
image_05133_resized.jpg,Hard-Leaved Pocket Orchid,
image_06571_resized.jpg,Grape Hyacinth,
image_04392_resized.jpg,Ruby-Lipped Cattleya,
image_02989_resized.jpg,Pink-Yellow Dahlia,
image_03721_resized.jpg,Primula,
image_06211_resized.jpg,Oxeye Daisy,
image_06574_resized.jpg,Grape Hyacinth,
image_04306_resized.jpg,Peruvian Lily,
image_07856_resized.jpg,Bromelia,
image_05813_resized.jpg,Great Masterwort,
image_00272_resized.jpg,Water Lily,
image_06984_resized.jpg,Alpine Sea Holly,
image_04632_resized.jpg,Buttercup,
image_01304_resized.jpg,Rose,
image_00421_resized.jpg,Water Lily,
image_03210_resized.jpg,Californian Poppy,
image_01366_resized.jpg,Petunia,
image_05568_resized.jpg,Osteospermum,
image_00073_resized.jpg,Passion Flower,
image_03147_resized.jpg,Snapdragon,
image_05479_resized.jpg,Magnolia,
image_03307_resized.jpg,Bird of Paradise,
image_04852_resized.jpg,Hippeastrum,
image_05491_resized.jpg,Magnolia,
image_03310_resized.jpg,Bird of Paradise,
image_07696_resized.jpg,Mallow,
image_00034_resized.jpg,Passion Flower,
image_03045_resized.jpg,Bee Balm,
image_07951_resized.jpg,Trumpet Creeper,
image_07008_resized.jpg,Siam Tulip,
image_02227_resized.jpg,Barbeton Daisy,
image_02490_resized.jpg,Morning Glory,
image_04454_resized.jpg,Canna Lily,
image_04444_resized.jpg,Canna Lily,
image_02340_resized.jpg,Sword Lily,
image_03380_resized.jpg,Fritillary,
image_04447_resized.jpg,Canna Lily,
image_05839_resized.jpg,Great Masterwort,
image_05923_resized.jpg,Bearded Iris,
image_00202_resized.jpg,Passion Flower,
image_01363_resized.jpg,Petunia,
image_02395_resized.jpg,Sword Lily,
image_02971_resized.jpg,Pink-Yellow Dahlia,
image_03792_resized.jpg,Cape Flower,
image_01065_resized.jpg,Wallflower,
image_05971_resized.jpg,Windflower,
image_06037_resized.jpg,Ball Moss,
image_05847_resized.jpg,Great Masterwort,
image_03493_resized.jpg,Sweet William,
image_06004_resized.jpg,Windflower,
image_02045_resized.jpg,Anthurium,
image_00694_resized.jpg,Watercress,
image_06853_resized.jpg,Prince of Wales Feathers,
image_01588_resized.jpg,Clematis ,
image_05449_resized.jpg,Sunflower,
image_00531_resized.jpg,Cyclamen,
image_03228_resized.jpg,Californian Poppy,
image_06173_resized.jpg,Balloon Flower,
image_05686_resized.jpg,Daffodil,
image_01442_resized.jpg,Petunia,
image_00506_resized.jpg,Cyclamen,
image_00399_resized.jpg,Water Lily,
image_07838_resized.jpg,Bromelia,
image_00698_resized.jpg,Watercress,
image_05736_resized.jpg,Daffodil,
image_07434_resized.jpg,Foxglove,
image_02368_resized.jpg,Sword Lily,
image_05882_resized.jpg,Black-Eeyed Susan,
image_07417_resized.jpg,Foxglove,
image_04119_resized.jpg,Artichoke,
image_01566_resized.jpg,Poinsettia,
image_05300_resized.jpg,Tree Poppy,
image_00983_resized.jpg,Wallflower,
image_03642_resized.jpg,Primula,
image_05485_resized.jpg,Magnolia,
image_07645_resized.jpg,Camellia,
image_07239_resized.jpg,Gaura,
image_00809_resized.jpg,Frangipani,
image_05061_resized.jpg,Orange Dahlia,
image_05676_resized.jpg,Sweet Pea,
image_03081_resized.jpg,Bee Balm,
image_01843_resized.jpg,Lotus,
image_05304_resized.jpg,Tree Poppy,
image_03872_resized.jpg,Purple Coneflower,
image_00844_resized.jpg,Frangipani,
image_07695_resized.jpg,Mallow,
image_08123_resized.jpg,Gaura,
image_01598_resized.jpg,Clematis ,
image_05442_resized.jpg,Sunflower,
image_04505_resized.jpg,Gazania,
image_01934_resized.jpg,Lotus,
image_07649_resized.jpg,Camellia,
image_03604_resized.jpg,Azalea,
image_00613_resized.jpg,Watercress,
image_03580_resized.jpg,Azalea,
image_02602_resized.jpg,Columbine,
image_03933_resized.jpg,Petunia,
image_00845_resized.jpg,Frangipani,
image_00806_resized.jpg,Frangipani,
image_05948_resized.jpg,Bearded Iris,
image_06625_resized.jpg,Canterbury Bells,
image_05538_resized.jpg,Osteospermum,
image_02918_resized.jpg,Tree Mallow,
image_04213_resized.jpg,Wild Pansy,
image_00439_resized.jpg,Water Lily,
image_01290_resized.jpg,Rose,
image_05688_resized.jpg,Daffodil,
image_04357_resized.jpg,Ruby-Lipped Cattleya,
image_01394_resized.jpg,Petunia,
image_06683_resized.jpg,Globe-Flower,
image_07053_resized.jpg,Spring Crocus,
image_05346_resized.jpg,Pincushion Flower,
image_00449_resized.jpg,Cyclamen,
image_00277_resized.jpg,Water Lily,
image_04378_resized.jpg,Ruby-Lipped Cattleya,
image_07517_resized.jpg,Bougainvillea,
image_06534_resized.jpg,Common Dandelion,
image_02646_resized.jpg,Geranium,
image_02426_resized.jpg,Sword Lily,
image_03047_resized.jpg,Bee Balm,
image_03605_resized.jpg,Azalea,
image_00275_resized.jpg,Water Lily,
image_06893_resized.jpg,Carnation,
image_07788_resized.jpg,Mexican Petunia,
image_06706_resized.jpg,Toad Lily,
image_02944_resized.jpg,Pink-Yellow Dahlia,
image_01535_resized.jpg,Poinsettia,
image_07845_resized.jpg,Bromelia,
image_06146_resized.jpg,Silverbush,
image_05921_resized.jpg,Bearded Iris,
image_07796_resized.jpg,Mexican Petunia,
image_02899_resized.jpg,Tree Mallow,
image_00169_resized.jpg,Passion Flower,
image_08105_resized.jpg,Tiger Lily,
image_02141_resized.jpg,Thorn Apple,
image_02884_resized.jpg,Tree Mallow,
image_03593_resized.jpg,Azalea,
image_05393_resized.jpg,Pincushion Flower,
image_00155_resized.jpg,Passion Flower,
image_06848_resized.jpg,Red Ginger,
image_00861_resized.jpg,Frangipani,
image_03027_resized.jpg,Pink-Yellow Dahlia,
image_04059_resized.jpg,Colt's Foot,
image_03302_resized.jpg,Bird of Paradise,
image_04507_resized.jpg,Gazania,
image_03907_resized.jpg,Purple Coneflower,
image_04818_resized.jpg,Desert-Rose,
image_02392_resized.jpg,Sword Lily,
image_06424_resized.jpg,Monkshood,
image_06053_resized.jpg,Spear Thistle,
image_04427_resized.jpg,Canna Lily,
image_04062_resized.jpg,Colt's Foot,
image_01857_resized.jpg,Lotus,
image_03711_resized.jpg,Primula,
image_02790_resized.jpg,Bishop of Llandaff,
image_01141_resized.jpg,Wallflower,
image_06544_resized.jpg,Common Dandelion,
image_03103_resized.jpg,Snapdragon,
image_02833_resized.jpg,Bishop of Llandaff,
image_01684_resized.jpg,Clematis ,
image_05407_resized.jpg,Sunflower,
image_04381_resized.jpg,Ruby-Lipped Cattleya,
image_04393_resized.jpg,Ruby-Lipped Cattleya,
image_01421_resized.jpg,Petunia,
image_00064_resized.jpg,Passion Flower,
image_06744_resized.jpg,Pink Primrose,
image_01406_resized.jpg,Petunia,
image_04800_resized.jpg,Desert-Rose,
image_08173_resized.jpg,Japanese Anemone,
image_06265_resized.jpg,Cautleya Spicata,
image_02143_resized.jpg,Thorn Apple,
image_07230_resized.jpg,Moon Orchid,
image_03370_resized.jpg,Fritillary,
image_00692_resized.jpg,Watercress,
image_02729_resized.jpg,Geranium,
image_06484_resized.jpg,Love in the Mist,
image_02058_resized.jpg,Anthurium,
image_05376_resized.jpg,Pincushion Flower,
image_05876_resized.jpg,Black-Eeyed Susan,
image_01793_resized.jpg,Hibiscus,
image_02281_resized.jpg,Barbeton Daisy,
image_06876_resized.jpg,Prince of Wales Feathers,
image_01761_resized.jpg,Hibiscus,
image_00300_resized.jpg,Water Lily,
image_03998_resized.jpg,Colt's Foot,
image_06732_resized.jpg,Toad Lily,
image_04468_resized.jpg,Canna Lily,
image_05320_resized.jpg,Tree Poppy,
image_07090_resized.jpg,Globe Thistle,
image_07186_resized.jpg,Tiger Lily,
image_01249_resized.jpg,Rose,
image_05681_resized.jpg,Sweet Pea,
image_00236_resized.jpg,Passion Flower,
image_01562_resized.jpg,Poinsettia,
image_05257_resized.jpg,Stemless Gentian,
image_07843_resized.jpg,Bromelia,
image_07036_resized.jpg,Siam Tulip,
image_02947_resized.jpg,Pink-Yellow Dahlia,
image_01892_resized.jpg,Lotus,
image_03298_resized.jpg,Bird of Paradise,
image_05260_resized.jpg,Stemless Gentian,
image_00569_resized.jpg,Cyclamen,
image_02373_resized.jpg,Sword Lily,
image_02799_resized.jpg,Bishop of Llandaff,
image_03019_resized.jpg,Pink-Yellow Dahlia,
image_04298_resized.jpg,Peruvian Lily,
image_07438_resized.jpg,Foxglove,
image_04402_resized.jpg,Canna Lily,
